sys_area (mm2),dia_area (mm2),sys_volume (mm3),dia_volume (mm3),ef
14.792418781328893,22.048281649056523,28.494807014852068,54.92684586740539,48.122258679045295
